3az3,5bnq
3az2,5bnq
3az1,5bnq
3vhw,5bnq
4itf,5bnq
4ite,5bnq
3kpz,5bnq
3cs6,5bnq
3cs4,5bnq
1s19,5bnq
1s0z,5bnq
3az3,2hfp
3az3,7wox
3az2,2hfp
3az2,7wox
3az1,2hfp
3az1,7wox
3vhw,2hfp
3vhw,7wox
4itf,2hfp
4itf,7wox
4ite,2hfp
4ite,7wox
3kpz,2hfp
3kpz,7wox
3cs6,2hfp
3cs6,7wox
3cs4,2hfp
3cs4,7wox
1s19,2hfp
1s19,7wox
1s0z,2hfp
1s0z,7wox
3az3,5xzf
3az3,5xzh
3az2,5xzf
3az2,5xzh
3az1,5xzf
3az1,5xzh
3vhw,5xzf
3vhw,5xzh
4itf,5xzf
4itf,5xzh
4ite,5xzf
4ite,5xzh
3kpz,5xzf
3kpz,5xzh
3cs6,5xzf
3cs6,5xzh
3cs4,5xzf
3cs4,5xzh
1s19,5xzf
1s19,5xzh
1s0z,5xzf
1s0z,5xzh
3az3,2bdf
3az3,2bdj
3az2,2bdf
3az2,2bdj
3az1,2bdf
3az1,2bdj
3vhw,2bdf
3vhw,2bdj
4itf,2bdf
4itf,2bdj
4ite,2bdf
4ite,2bdj
3kpz,2bdf
3kpz,2bdj
3cs6,2bdf
3cs6,2bdj
3cs4,2bdf
3cs4,2bdj
1s19,2bdf
1s19,2bdj
1s0z,2bdf
1s0z,2bdj
5bnq,2hfp
5bnq,7wox
5bnq,2bdf
5bnq,2bdj
5bnq,5j94
5bnq,4n8w
5bnq,4n79
5bnq,7qbn
5bnq,7qbm
5bnq,7qbo
5bnq,7qbl
5bnq,1vsn
5bnq,1mem
5bnq,5tdi
5bnq,4x6i
5bnq,4x6h
5bnq,1ayu
5bnq,1ayv
5bnq,5jh3
5bnq,5ja7
5bnq,4x6j
5bnq,2rah
5bnq,4jvj
5bnq,1zw5
5bnq,3n6k
5bnq,3n5j
5bnq,3n5h
5bnq,3n3l
5bnq,3n49
5bnq,3n46
5bnq,3n45
5bnq,3n1w
5bnq,1yv5
5bnq,3n1v
5bnq,4l2x
5bnq,3h3c
5bnq,3et7
5bnq,3fzt
5bnq,3fzs
5bnq,3fzr
5bnq,3fzp
5bnq,4n16
5bnq,6pgq
5bnq,3c4m
5bnq,6nbi
5bnq,6nbh
5bnq,6nbf
5j94,2bdf
5j94,2bdj
4n8w,2bdf
4n8w,2bdj
4n79,2bdf
4n79,2bdj
7qbn,2bdf
7qbn,2bdj
7qbm,2bdf
7qbm,2bdj
7qbo,2bdf
7qbo,2bdj
7qbl,2bdf
7qbl,2bdj
1vsn,2bdf
1vsn,2bdj
1mem,2bdf
1mem,2bdj
5tdi,2bdf
5tdi,2bdj
4x6i,2bdf
4x6i,2bdj
4x6h,2bdf
4x6h,2bdj
1ayu,2bdf
1ayu,2bdj
1ayv,2bdf
1ayv,2bdj
5jh3,2bdf
5jh3,2bdj
5ja7,2bdf
5ja7,2bdj
4x6j,2bdf
4x6j,2bdj
5j94,5i4h
4n8w,5i4h
4n79,5i4h
7qbn,5i4h
7qbm,5i4h
7qbo,5i4h
7qbl,5i4h
1vsn,5i4h
1mem,5i4h
5tdi,5i4h
4x6i,5i4h
4x6h,5i4h
1ayu,5i4h
1ayv,5i4h
5jh3,5i4h
5ja7,5i4h
4x6j,5i4h
5j94,4n16
4n8w,4n16
4n79,4n16
7qbn,4n16
7qbm,4n16
7qbo,4n16
7qbl,4n16
1vsn,4n16
1mem,4n16
5tdi,4n16
4x6i,4n16
4x6h,4n16
1ayu,4n16
1ayv,4n16
5jh3,4n16
5ja7,4n16
4x6j,4n16
5j94,6pgq
4n8w,6pgq
4n79,6pgq
7qbn,6pgq
7qbm,6pgq
7qbo,6pgq
7qbl,6pgq
1vsn,6pgq
1mem,6pgq
5tdi,6pgq
4x6i,6pgq
4x6h,6pgq
1ayu,6pgq
1ayv,6pgq
5jh3,6pgq
5ja7,6pgq
4x6j,6pgq
5hcl,5xzf
5hcl,5xzh
5hcl,3b67
5hcl,3b66
5hcl,3b65
5hcl,3b5r
5hcl,3b68
5hcl,5vo4
3h3c,5n6o
3et7,5n6o
3fzt,5n6o
3fzs,5n6o
3fzr,5n6o
3fzp,5n6o
3h3c,1r0e
3et7,1r0e
3fzt,1r0e
3fzs,1r0e
3fzr,1r0e
3fzp,1r0e
3h3c,1fbz
3et7,1fbz
3fzt,1fbz
3fzs,1fbz
3fzr,1fbz
3fzp,1fbz
3h3c,2bdf
3h3c,2bdj
3et7,2bdf
3et7,2bdj
3fzt,2bdf
3fzt,2bdj
3fzs,2bdf
3fzs,2bdj
3fzr,2bdf
3fzr,2bdj
3fzp,2bdf
3fzp,2bdj
1r0e,3b67
1r0e,3b66
1r0e,3b65
1r0e,3b5r
1r0e,3b68
1r0e,5vo4
1r0e,2hfp
1r0e,7wox
1r0e,2bdf
1r0e,2bdj
2rah,2q80
2rah,6g31
2rah,6g32
4jvj,2q80
4jvj,6g31
4jvj,6g32
1zw5,2q80
1zw5,6g31
1zw5,6g32
3n6k,2q80
3n6k,6g31
3n6k,6g32
3n5j,2q80
3n5j,6g31
3n5j,6g32
3n5h,2q80
3n5h,6g31
3n5h,6g32
3n3l,2q80
3n3l,6g31
3n3l,6g32
3n49,2q80
3n49,6g31
3n49,6g32
3n46,2q80
3n46,6g31
3n46,6g32
3n45,2q80
3n45,6g31
3n45,6g32
3n1w,2q80
3n1w,6g31
3n1w,6g32
1yv5,2q80
1yv5,6g31
1yv5,6g32
3n1v,2q80
3n1v,6g31
3n1v,6g32
4l2x,2q80
4l2x,6g31
4l2x,6g32
2pjl,2hfp
2pjl,7wox
1nax,5xzf
1nax,5xzh
1nax,1nav
1fbz,5n6o
1fbz,2bdf
1fbz,2bdj
6pgq,4n16
1nav,5xzf
1nav,5xzh
1nav,2bdf
1nav,2bdj
3b67,5xzf
3b67,5xzh
3b66,5xzf
3b66,5xzh
3b65,5xzf
3b65,5xzh
3b5r,5xzf
3b5r,5xzh
3b68,5xzf
3b68,5xzh
5vo4,5xzf
5vo4,5xzh
3b67,2bdf
3b67,2bdj
3b66,2bdf
3b66,2bdj
3b65,2bdf
3b65,2bdj
3b5r,2bdf
3b5r,2bdj
3b68,2bdf
3b68,2bdj
5vo4,2bdf
5vo4,2bdj
2hfp,2bdf
2hfp,2bdj
7wox,2bdf
7wox,2bdj
2hfp,5xzf
2hfp,5xzh
7wox,5xzf
7wox,5xzh
5xzf,2bdf
5xzf,2bdj
5xzh,2bdf
5xzh,2bdj
